dim,n_forms,mean_rho,rho_std,top1_eigenvalue,rank_d_concentration,spectral_entropy,stratification
1,87,-0.027515792148301788,0.1316833814774722,2.903138261318969,0.11612553045275878,3.0098066089993307,level_level_0-100
1,859,-0.0160585679028568,0.05698846837499955,1.7677654135573593,0.07071061654229437,3.1777015619811455,level_level_100-500
2,426,-0.010933808137022188,0.07678195500631414,2.1123823234533994,0.14994373961651503,3.1503333118181733,level_level_100-500
3,216,-0.008526728826029348,0.09405157754581811,1.9137381687406054,0.22332084235742214,3.1110316322973968,level_level_100-500
4,110,-0.001155928626278672,0.12340093681215339,2.2489072471408655,0.32192135544745004,3.0328982537761733,level_level_100-500
5,71,-0.010080331326035745,0.14609758888873475,2.5581630982648833,0.4353667967317508,2.967073407898647,level_level_100-500
1,4840,0.0020173559817554558,0.030779536705552207,1.4366556276409779,0.057466225105639125,3.207878223328486,level_level_500-2000
2,2367,0.013545616693537224,0.04966143876941751,1.6145583287471403,0.12312244208688117,3.1875332995700147,level_level_500-2000
3,1280,0.012657342221302244,0.05692157646461622,1.6832440144231622,0.18557591675553836,3.178972003364951,level_level_500-2000
4,914,0.013653792663344228,0.05686872739949321,1.7120636308908284,0.23735416106820784,3.1787073718056846,level_level_500-2000
5,572,0.018665133719747925,0.07285727261471461,1.9343098533840495,0.316286929657679,3.153720829795808,level_level_500-2000
6,505,0.014215119545532418,0.07013500570381526,1.7518241086553201,0.3632920716352936,3.158533559650345,level_level_500-2000
7,335,0.01329795519142198,0.07427716720346698,1.7476846689860126,0.4169974755488422,3.1509089365857865,level_level_500-2000
8,313,0.016944091516168568,0.07718247066690022,1.9573017570720328,0.4691677464107121,3.1467468523139996,level_level_500-2000
9,237,0.01725797080048013,0.08729515021151944,2.056360401399415,0.5360314647764978,3.1266739599765434,level_level_500-2000
10,233,0.008661972366338047,0.08311663554274208,1.8933092521302517,0.5669341502735042,3.135232084752756,level_level_500-2000
11,163,0.027844295464664312,0.09977275560554907,2.1181628588565533,0.6522913874020975,3.0929351673741463,level_level_500-2000
12,161,0.00854912053341836,0.10592699530990365,2.160365946853562,0.6936844948504957,3.088355172390985,level_level_500-2000
13,133,0.005709696674480042,0.11638420778384012,2.4599174849249748,0.7368643495141229,3.065720180161794,level_level_500-2000
14,142,0.02112143123728938,0.10984461809533436,2.331127253452967,0.7725420862028544,3.0733225328222975,level_level_500-2000
15,104,0.005347601653742441,0.12619094012566792,2.5616354649494464,0.8252580566946219,3.0339411962702276,level_level_500-2000
16,98,0.010299974711300442,0.11760488556763463,2.408709281537178,0.8496501252711226,3.0516324603393397,level_level_500-2000
17,76,0.006867570085360213,0.14279208585295403,2.789405784131265,0.893241323303347,2.984084729972346,level_level_500-2000
18,91,-0.01294060061484323,0.13948064883279537,2.62714353464598,0.9128156237827725,2.9939659673219223,level_level_500-2000
19,55,0.0020319235537289778,0.1589425633690738,2.782146436610331,0.9526600918947656,2.9227403847561453,level_level_500-2000
20,70,-0.0036169349508755094,0.14498300861742155,3.1455634037235054,0.9420048515860046,2.9894987297506406,level_level_500-2000
21,60,0.3289004413658642,0.19734939333952972,9.201088328852652,0.9900167929722932,2.269158404886034,level_level_500-2000
22,66,0.3733077679012779,0.17026042727491264,10.144499121677914,0.9926624060670279,2.2323133994101867,level_level_500-2000
24,64,0.3519629504013642,0.18642491416367357,9.635963948011334,0.9984153696872998,2.2331318641658484,level_level_500-2000
26,54,0.3748274152296771,0.17869415825354848,10.166914629949051,1.0,2.197052296696041,level_level_500-2000
27,51,0.3923732339594511,0.18306843647704085,10.69863459703953,1.0,2.137082509351523,level_level_500-2000
1,11412,0.0027588866616867955,0.025923380533149156,1.387635240789935,0.05550540963159739,3.210981816294526,level_level_2000+
2,5200,0.014910792460221041,0.038326280488392546,1.4625867745321062,0.11519801756397846,3.1988956633465664,level_level_2000+
3,2799,0.013713671465780803,0.04453598829031173,1.5283390968285424,0.17385744241497214,3.193031427565462,level_level_2000+
4,2106,0.01720550054969687,0.044699013448196906,1.543925339544467,0.2234777472546888,3.1916669653971677,level_level_2000+
5,1447,0.021227720415426986,0.04996337159650235,1.6967325966305693,0.28485357527511096,3.1845142973601877,level_level_2000+
6,1262,0.015343397372132563,0.05462708973671433,1.618383625384803,0.3343926801078354,3.1807715190710897,level_level_2000+
7,817,0.018779555298627928,0.054989380460406356,1.707035614938854,0.38329928916799216,3.17920599234358,level_level_2000+
8,962,0.016558409430950206,0.05624045872276012,1.6895427865235788,0.42957386405078357,3.178406610175531,level_level_2000+
9,661,0.01608174647758627,0.06098863080208519,1.6567137239873886,0.48614113613826876,3.1720590259398547,level_level_2000+
10,646,0.014237155166950751,0.0693059536415109,1.7710703490988828,0.5413732976326151,3.159526548579254,level_level_2000+
11,503,0.022696823003213424,0.06982345952360207,1.8117847107312506,0.5850672244236846,3.155979499393003,level_level_2000+
12,557,0.011898354329506413,0.06703846172626474,1.7062211664471527,0.615245779182572,3.1640742220131157,level_level_2000+
13,439,0.009479485401161447,0.07940216413219503,1.9166965976863644,0.6741683281028014,3.1454836567358093,level_level_2000+
14,450,0.010252115837050678,0.06418304985963966,1.7199849029106278,0.6880055705239692,3.1689967999500652,level_level_2000+
15,402,0.005370633414748681,0.0684266152548688,1.7553755307393342,0.7280375674208603,3.163094362322275,level_level_2000+
16,422,0.010020713253951229,0.0686789112844485,1.8362434483073562,0.7643223465649863,3.161747055311078,level_level_2000+
17,339,0.010227667725954345,0.08330166273589913,1.9423336970821092,0.8156127399985942,3.1369844915914262,level_level_2000+
18,383,0.007165313792522522,0.06821713091485662,1.7153785526265601,0.8277572919545565,3.1626890108298666,level_level_2000+
19,292,0.014604483296488936,0.08354363757702157,1.9408042466138447,0.8710491538180524,3.136135420999658,level_level_2000+
20,313,0.004846328853115012,0.07793050540123043,1.8631753758673855,0.89528081727516,3.1465677089979924,level_level_2000+
21,245,0.31802564677836614,0.15873858536570915,8.882003593041158,0.9722782059432078,2.4586907220268026,level_level_2000+
22,278,0.3186869090828457,0.15621041765516192,8.88451600536142,0.9797074377566111,2.465400079858043,level_level_2000+
23,239,0.33082087620738215,0.16530022830347668,9.267867505036847,0.9881087727550324,2.4126508853457733,level_level_2000+
24,270,0.31037010808808163,0.15360267576032993,8.64637670408137,0.9936032923038374,2.4925378559059217,level_level_2000+
25,200,0.3343159547068209,0.16743914520554767,9.352155258104574,1.0,2.3992190005482144,level_level_2000+
26,205,0.3274961730208776,0.16588517152426488,9.086807349445557,1.0,2.409207392235413,level_level_2000+
27,167,0.32087132111866207,0.18734104256775466,9.177156704822945,1.0,2.3834522328651255,level_level_2000+
28,164,0.3582851454548785,0.16544680522062902,9.957065748020678,1.0,2.3408969760752885,level_level_2000+
29,154,0.36811620941456275,0.1790600287430774,10.151008675983746,1.0,2.258511714258831,level_level_2000+
30,177,0.32509307886764977,0.172650497877816,9.124822690284692,1.0,2.393240561529612,level_level_2000+
31,101,0.3793811324436726,0.1819461289483503,10.617129377282652,1.0,2.24500297085822,level_level_2000+
32,141,0.35196957495482906,0.17750805410535692,9.85976859377768,1.0,2.3277349209062903,level_level_2000+
33,135,0.37775289862619793,0.15754864637551122,10.372718472173538,1.0,2.3008822016513917,level_level_2000+
34,121,0.37401197018217563,0.17999163627758044,10.380055896087853,1.0,2.2459397565606802,level_level_2000+
35,106,0.3691370950332512,0.1744890913117123,10.17570380237412,1.0,2.2809856591992688,level_level_2000+
36,116,0.37632228157411207,0.16948822783179845,10.326199169993206,1.0,2.2645090124113456,level_level_2000+
37,102,0.41159533706486523,0.18417254452823548,11.301576263011174,1.0,2.1337595261074442,level_level_2000+
38,92,0.4010976203276311,0.2093192125555374,11.39874286713506,1.0,2.1430894185875946,level_level_2000+
39,84,0.4369782731359564,0.20169157934333487,12.09431555116841,1.0,2.0347364230801297,level_level_2000+
40,90,0.398716266643448,0.20499097406261108,11.138368906921833,1.0,2.106869069092941,level_level_2000+
41,86,0.4062055727161724,0.21080874818604986,11.272347476247909,1.0,2.0602581441187926,level_level_2000+
42,89,0.3967395441868556,0.1897930894138233,10.917225855284848,1.0,2.135874368774382,level_level_2000+
43,93,0.4070881834935478,0.17979837603635626,11.15607243779846,1.0,2.142879611535364,level_level_2000+
44,90,0.42011112253545674,0.17311540428486893,11.380775035351213,1.0,2.1096642387260616,level_level_2000+
45,78,0.3995483618673763,0.19128619442405448,11.024947820750896,1.0,2.136936057137245,level_level_2000+
46,67,0.42221578850474145,0.18443928985061742,11.449087778248028,1.0,2.053228596760117,level_level_2000+
47,55,0.45131376758177993,0.18245313467761684,12.111113607598615,1.0,1.9660006676225452,level_level_2000+
48,75,0.4255706640069454,0.16136321013509797,11.418202718735053,1.0,2.1199951018719623,level_level_2000+
50,66,0.3948946492651454,0.20916439552170898,11.046721323498968,1.0,2.1017029814332635,level_level_2000+
51,61,0.4475181085567628,0.18973965894511494,12.229872782274715,1.0,2.015012810300647,level_level_2000+
52,64,0.47061297837517185,0.16728565619043678,12.528874359404444,1.0,1.96871573651472,level_level_2000+
53,59,0.4394302782487534,0.19352958690149671,11.97566140552405,1.0,2.0017319302426224,level_level_2000+
54,56,0.451899936037512,0.17652483476740238,12.137673514036607,1.0,2.0001641942331907,level_level_2000+
55,55,0.4810157311113346,0.18522971182480552,12.903667224208021,1.0,1.9114800279586672,level_level_2000+
56,60,0.4223691128188899,0.1771119819921173,11.5138117083251,1.0,2.112645188119133,level_level_2000+
57,52,0.4095938158070717,0.16289399968211432,11.05684878843659,1.0,2.157181187500478,level_level_2000+
58,50,0.454614293230289,0.17798795157313474,12.247391982502819,1.0,1.999096442520912,level_level_2000+
60,57,0.46169360864356646,0.1750846906958673,12.365437671273256,1.0,1.9731862837751917,level_level_2000+
62,50,0.4524349239032089,0.18528096716754985,12.23359041246426,1.0,1.9863264409835966,level_level_2000+
65,51,0.4493474206662251,0.1589645577304291,11.982698521053582,1.0,2.0428696774313884,level_level_2000+
1,17198,0.001241486475901672,0.025471032075333043,1.414008855828429,0.056560354233137156,3.211422512002377,conductor_cond_1-100
2,8026,0.01244684441857893,0.03814482396810299,1.4411756194937657,0.11366109486931514,3.199786062477145,conductor_cond_1-100
3,4305,0.011586322636822178,0.043776242578165765,1.5078826795880345,0.17181250736510567,3.194425239183211,conductor_cond_1-100
4,3133,0.014785596501860123,0.04163255950802152,1.5259647475300853,0.21838482535365758,3.1957179417347343,conductor_cond_1-100
5,2093,0.01839943601236672,0.04982204655914708,1.6543697934405677,0.28119001037025665,3.1858352573069273,conductor_cond_1-100
6,1812,0.013971981767561559,0.049992094108549844,1.555476050850212,0.3258481427886645,3.1867660841132355,conductor_cond_1-100
7,1201,0.014905505178363594,0.050827576617485264,1.5768913867546914,0.37414302064239713,3.185473789585228,conductor_cond_1-100
8,1291,0.016001808146975396,0.053683156258608596,1.6872504312354177,0.42430198901169164,3.1820387821078255,conductor_cond_1-100
9,923,0.01533189814882703,0.05526827690104917,1.6377543920420732,0.47215699809570133,3.1800792479897413,conductor_cond_1-100
10,892,0.01205336134176983,0.062162321389552674,1.6762974057994038,0.5241094703806585,3.171255634117067,conductor_cond_1-100
11,683,0.022243189347613004,0.06316493491088458,1.6712940976193713,0.5756025649219777,3.1666397795308567,conductor_cond_1-100
12,732,0.010653306068276736,0.06252552820794763,1.7029484307036349,0.6062740680974702,3.171251378805658,conductor_cond_1-100
13,575,0.008289898524321009,0.0746499253768062,1.8869566067214862,0.6650593613737384,3.1540889604644518,conductor_cond_1-100
14,597,0.012678035443835804,0.0606814320870668,1.6801247726396566,0.6835357866330376,3.1733677225321504,conductor_cond_1-100
15,512,0.0047937503324245205,0.06625996420948851,1.711707081313218,0.7235567669255808,3.1665703518014716,conductor_cond_1-100
16,529,0.00899261668985655,0.06255177924067325,1.687730435532841,0.7532265968652809,3.1712965620378597,conductor_cond_1-100
17,421,0.009014214713576963,0.07650452125998805,1.9120549489039,0.8071178348152093,3.1496233699557754,conductor_cond_1-100
18,475,0.000880432247457487,0.06846697031740756,1.7197136055179576,0.8264386065164587,3.1633241762659408,conductor_cond_1-100
19,350,0.011530228047754523,0.07932265666187575,1.8400587586599733,0.8672748198327564,3.1438385680087544,conductor_cond_1-100
20,386,0.0024812311273114595,0.07506411823984654,1.8054062892804317,0.8941040209741464,3.1514621911294776,conductor_cond_1-100
21,306,0.31848027678070945,0.16166548075646672,8.87497131451148,0.9730809127260496,2.4450539401237132,conductor_cond_1-100
22,347,0.3287286940167819,0.15383554424196355,9.080366415223512,0.9806271705030772,2.439716363354178,conductor_cond_1-100
23,289,0.34117398772397756,0.16018399513181675,9.45278413354982,0.9881452499737273,2.393705201164687,conductor_cond_1-100
24,337,0.3166090207858716,0.15441342778665104,8.76042239469361,0.9938908755281467,2.467676021919119,conductor_cond_1-100
25,245,0.3336803447507162,0.16144356582923766,9.240719375919017,1.0,2.4043174890773233,conductor_cond_1-100
26,262,0.3329355735199634,0.16164391372743658,9.15154831477011,1.0,2.39919302126449,conductor_cond_1-100
27,218,0.33571992604780027,0.1743049290746779,9.38805664260455,1.0,2.3675713915151473,conductor_cond_1-100
28,213,0.3621925120554697,0.15963696554028936,9.94700240399824,1.0,2.3321788659770015,conductor_cond_1-100
29,177,0.3635009443064635,0.1740028302546267,9.992786313225118,1.0,2.2778842804278048,conductor_cond_1-100
30,209,0.3339834511902097,0.1676976268038554,9.256954531942927,1.0,2.3773692563456446,conductor_cond_1-100
31,132,0.37700096255667515,0.17110214413873315,10.383258575657326,1.0,2.2637407982151068,conductor_cond_1-100
32,173,0.36240874897706304,0.16943445449695183,10.000985060846762,1.0,2.313059039924452,conductor_cond_1-100
33,167,0.38155143842959516,0.15572054008884645,10.403871298396027,1.0,2.2863852421481474,conductor_cond_1-100
34,144,0.37866120930099534,0.17689206128069324,10.41858526971879,1.0,2.2345180675036707,conductor_cond_1-100
35,131,0.37948604922442625,0.16683329776155487,10.35942055672243,1.0,2.267931875535406,conductor_cond_1-100
36,133,0.3784693828072478,0.16644401947780516,10.345133152704957,1.0,2.265570833107244,conductor_cond_1-100
37,128,0.42163433516733995,0.1736886532939196,11.450036398933392,1.0,2.1272875841148395,conductor_cond_1-100
38,118,0.3999234947967161,0.19452022885169812,11.17219140895342,1.0,2.1617400871494294,conductor_cond_1-100
39,101,0.4335203550019378,0.19401200308542596,11.939281224134088,1.0,2.0612577348732817,conductor_cond_1-100
40,106,0.4056601804786924,0.19467139791624338,11.206867788977668,1.0,2.1128809027753603,conductor_cond_1-100
41,101,0.4038288098862112,0.2017996678767249,11.111533131131846,1.0,2.0824290268044168,conductor_cond_1-100
42,101,0.39896139284656085,0.18372121625327306,10.897639878111292,1.0,2.1402389651984195,conductor_cond_1-100
43,112,0.41515953499603486,0.17084952695249483,11.24115429539913,1.0,2.133506720906114,conductor_cond_1-100
44,102,0.4237216699294982,0.17162672061070422,11.428068250871366,1.0,2.0982009791631433,conductor_cond_1-100
45,92,0.4006563986747288,0.1842081149571054,10.970898565149877,1.0,2.145643438394057,conductor_cond_1-100
46,75,0.42226989427012623,0.18200869327252675,11.401865620119711,1.0,2.0536249870595924,conductor_cond_1-100
47,61,0.4361787302308097,0.18189148090418433,11.715463179826777,1.0,2.0121187785822565,conductor_cond_1-100
48,83,0.44231896293147827,0.15714486711383777,11.782235853682373,1.0,2.0776692767717084,conductor_cond_1-100
49,58,0.3872926647006718,0.20903532440676226,10.810422283299967,1.0,2.1058836384626263,conductor_cond_1-100
50,74,0.4042021051719602,0.20118502266571334,11.175202157235283,1.0,2.0891637607129336,conductor_cond_1-100
51,72,0.4577123088424069,0.18204880561270637,12.364595480989113,1.0,1.989743316699898,conductor_cond_1-100
52,67,0.46983875288322224,0.1646404236483698,12.486975109234695,1.0,1.9744611929983917,conductor_cond_1-100
53,65,0.4494666913421298,0.1875636942585576,12.145437281912873,1.0,1.9793617587706804,conductor_cond_1-100
54,63,0.4550752498670882,0.17263225439312502,12.178954994269546,1.0,1.997353194056549,conductor_cond_1-100
55,63,0.4790646239744715,0.18281741434893936,12.812740151676689,1.0,1.9158915694814374,conductor_cond_1-100
56,65,0.4269691684406071,0.17428521787066592,11.587885405713624,1.0,2.101714403267995,conductor_cond_1-100
57,60,0.4529267853173608,0.15560752668138833,12.030846150180608,1.0,2.0431139647345598,conductor_cond_1-100
58,53,0.457794929675677,0.17522531933629068,12.295435248309172,1.0,1.9921455755058124,conductor_cond_1-100
60,65,0.4727850175152772,0.17010369035618314,12.59695596078907,1.0,1.9484652304461647,conductor_cond_1-100
61,50,0.4698070789899785,0.16307306012986417,12.483782398253027,1.0,1.9675706440412002,conductor_cond_1-100
62,55,0.4601551995350589,0.18066202728708908,12.364137635513433,1.0,1.9722993922794383,conductor_cond_1-100
63,52,0.4434127237640318,0.19576339782055124,12.05303096557828,1.0,1.9711852398907632,conductor_cond_1-100
65,59,0.46623399394678045,0.1553819562125387,12.353921141341669,1.0,1.9994603672756524,conductor_cond_1-100
1,17198,0.0042675703156445045,0.021834912788083298,1.1383517196380222,0.1138351719638022,2.300391058667175,primes_10
2,8026,0.01784526922357575,0.03273226367054004,1.2266818446247219,0.2352205071154473,2.2964292966476414,primes_10
3,4305,0.0109853058919562,0.03169618988468293,1.2068816678989065,0.3366084014779821,2.2975875411293183,primes_10
4,3133,0.017368137081067485,0.03163822456636809,1.203151740176193,0.44749298268063714,2.296787877083128,primes_10
5,2093,0.02421832125294696,0.04079944569108041,1.3383823217487871,0.5525056049267716,2.292870972242562,primes_10
6,1812,0.013014245906659672,0.0363574534116852,1.2333701250149682,0.6439986500887833,2.2959482296183795,primes_10
7,1201,0.009225835939449433,0.03961895867227624,1.2390882651793087,0.7407535826226427,2.295154193601167,primes_10
8,1291,0.012291724918514234,0.04854415483126391,1.29793464010695,0.8373790690420014,2.2914267733856963,primes_10
9,923,0.021517906854707638,0.05487942643275274,1.352674371264121,0.9289004788166932,2.2871413574869632,primes_10
10,892,0.0043859987264390395,0.05106163801983742,1.2845783168781293,1.0,2.2908465663995665,primes_10
11,683,0.014552752610081912,0.06222256485768921,1.3356287211775886,1.0,2.28447280368691,primes_10
12,732,0.004984988985848532,0.05439518438355162,1.2802873444019252,1.0,2.288889929852429,primes_10
13,575,0.012352070287072647,0.07100605541937507,1.3802506320552932,1.0,2.2791563970061524,primes_10
14,597,0.0038000091222824346,0.059172104388800134,1.3472385136722347,1.0,2.286626204125464,primes_10
15,512,-5.491980375640691e-05,0.06191879689897576,1.3529076451103057,1.0,2.285173107553918,primes_10
16,529,-0.003807524323795176,0.07019922735435899,1.4403500966392249,1.0,2.280350401545516,primes_10
17,421,0.0037512383409892412,0.08406408838660223,1.5050267952678005,1.0,2.2706016917859473,primes_10
18,475,-0.011156972614176497,0.07402467081402968,1.3776389773537634,1.0,2.27711123934844,primes_10
19,350,-0.0023789600787763776,0.08606358411442637,1.419157712675461,1.0,2.268791075008213,primes_10
20,386,-0.01638924209298206,0.08033789570728109,1.4590602713049339,1.0,2.2720721789262948,primes_10
21,306,0.2911742465868429,0.1342433382346787,3.7656957996760383,1.0,1.9776310581238914,primes_10
22,347,0.2829603088720357,0.11883077727526674,3.6459889894746658,1.0,2.0034592744427853,primes_10
23,289,0.3000752625396321,0.14348635303447563,3.857759033066209,1.0,1.9532816906707438,primes_10
24,337,0.28134330171624383,0.11684039026294828,3.619740713370885,1.0,2.006822274119538,primes_10
25,245,0.2859633744715078,0.1358180309589422,3.702368757533841,1.0,1.979702542070962,primes_10
26,262,0.30411753109789286,0.11923441913927393,3.820678071328537,1.0,1.9697802586761652,primes_10
27,218,0.3056057506937617,0.15650751393968595,3.970578778837309,1.0,1.9335669943304254,primes_10
28,213,0.2985198833923226,0.12611070041651232,3.8160566255623154,1.0,1.9766973709115903,primes_10
29,177,0.29548976465271803,0.14545385666216237,3.7936416724637327,1.0,1.9477357877261503,primes_10
30,209,0.2758350500905013,0.12400393656296771,3.590848708407413,1.0,2.0075920924927995,primes_10
31,132,0.3141431329978622,0.14186089475219227,3.991501057401642,1.0,1.937195452597894,primes_10
32,173,0.2914815728290006,0.1539334958778039,3.8335983639262743,1.0,1.9564764928316274,primes_10
33,167,0.347811203973685,0.15023230982099492,4.31040150692302,1.0,1.876692971184902,primes_10
34,144,0.32456473665487945,0.16414352317835784,4.131245169444934,1.0,1.890804289440764,primes_10
35,131,0.3207162780322517,0.12914214324259463,4.029741873937122,1.0,1.9441992421610732,primes_10
36,133,0.3170052530090353,0.1490951095543352,3.979761762331308,1.0,1.912649293984835,primes_10
37,128,0.36514691701364976,0.16868537285728716,4.531051023051887,1.0,1.8311942236454275,primes_10
38,118,0.3359053828276001,0.20306511888104828,4.426298418482956,1.0,1.8450541401545222,primes_10
39,101,0.3539897925967565,0.20008099779721963,4.557411858895876,1.0,1.8142209712860866,primes_10
40,106,0.3215435904032463,0.19162271574523515,4.222604547399831,1.0,1.8650511514259958,primes_10
41,101,0.34980977599522706,0.18628596591465585,4.420481056181913,1.0,1.8159759646881302,primes_10
42,101,0.31285682333729903,0.13886920926188873,3.9525044636423656,1.0,1.9348486236437177,primes_10
43,112,0.35177245557232095,0.14881631321966188,4.336068248257494,1.0,1.8654180873987127,primes_10
44,102,0.3960030088007714,0.14727235182067194,4.708318698257141,1.0,1.7829690257257738,primes_10
45,92,0.3387841648586932,0.16550655891691732,4.264153489647619,1.0,1.8658420497347161,primes_10
46,75,0.3772299821354701,0.14134974556730276,4.517053677518916,1.0,1.816827823917719,primes_10
47,61,0.39145216789368875,0.1751299604760667,4.712221111171234,1.0,1.7526390020398164,primes_10
48,83,0.3918908820227936,0.13583061712144975,4.625883978271684,1.0,1.7982285500623787,primes_10
49,58,0.2997046392106414,0.18537039238296835,4.037984708171666,1.0,1.9123003453126621,primes_10
50,74,0.31086862137473137,0.20483021876091834,4.180191640097052,1.0,1.8644194883726972,primes_10
51,72,0.40887601986138944,0.1891363097933445,4.9626559681737294,1.0,1.723153916247115,primes_10
52,67,0.42927301107439714,0.12599251530627273,4.9474234098752685,1.0,1.7398738839824308,primes_10
53,65,0.3637140582271582,0.18437236973571627,4.502802127231131,1.0,1.7942097221113598,primes_10
54,63,0.3791389362864775,0.1550049274970857,4.561913523829789,1.0,1.8015192011606342,primes_10
55,63,0.42234948782629095,0.16358008877097943,4.9873509761732695,1.0,1.7243427257736537,primes_10
56,65,0.3521203423717125,0.15272421910299241,4.356473854558521,1.0,1.8622204513636111,primes_10
57,60,0.3991849474987971,0.13574280917746348,4.650879723773974,1.0,1.7749828117761104,primes_10
58,53,0.3763774191137884,0.15379907535611267,4.54207393232837,1.0,1.8046948495547432,primes_10
60,65,0.40826067075081024,0.16104596945322988,4.8517781590228415,1.0,1.7500469457752033,primes_10
61,50,0.3917692544771802,0.14225474550727318,4.6465103993558845,1.0,1.7923353727617726,primes_10
62,55,0.3985663482891598,0.19312888058258848,4.845781261042728,1.0,1.7212198219936683,primes_10
63,52,0.3679730068975482,0.17460110558338807,4.5583389702381165,1.0,1.8081721281031786,primes_10
65,59,0.4569234100504315,0.14923238193875496,5.252711219593848,1.0,1.6625690506005883,primes_10
1,17198,0.001241486475901672,0.025471032075333043,1.414008855828429,0.056560354233137156,3.211422512002377,primes_25
2,8026,0.01244684441857893,0.03814482396810299,1.4411756194937657,0.11366109486931514,3.199786062477145,primes_25
3,4305,0.011586322636822178,0.043776242578165765,1.5078826795880345,0.17181250736510567,3.194425239183211,primes_25
4,3133,0.014785596501860123,0.04163255950802152,1.5259647475300853,0.21838482535365758,3.1957179417347343,primes_25
5,2093,0.01839943601236672,0.04982204655914708,1.6543697934405677,0.28119001037025665,3.1858352573069273,primes_25
6,1812,0.013971981767561559,0.049992094108549844,1.555476050850212,0.3258481427886645,3.1867660841132355,primes_25
7,1201,0.014905505178363594,0.050827576617485264,1.5768913867546914,0.37414302064239713,3.185473789585228,primes_25
8,1291,0.016001808146975396,0.053683156258608596,1.6872504312354177,0.42430198901169164,3.1820387821078255,primes_25
9,923,0.01533189814882703,0.05526827690104917,1.6377543920420732,0.47215699809570133,3.1800792479897413,primes_25
10,892,0.01205336134176983,0.062162321389552674,1.6762974057994038,0.5241094703806585,3.171255634117067,primes_25
11,683,0.022243189347613004,0.06316493491088458,1.6712940976193713,0.5756025649219777,3.1666397795308567,primes_25
12,732,0.010653306068276736,0.06252552820794763,1.7029484307036349,0.6062740680974702,3.171251378805658,primes_25
13,575,0.008289898524321009,0.0746499253768062,1.8869566067214862,0.6650593613737384,3.1540889604644518,primes_25
14,597,0.012678035443835804,0.0606814320870668,1.6801247726396566,0.6835357866330376,3.1733677225321504,primes_25
15,512,0.0047937503324245205,0.06625996420948851,1.711707081313218,0.7235567669255808,3.1665703518014716,primes_25
16,529,0.00899261668985655,0.06255177924067325,1.687730435532841,0.7532265968652809,3.1712965620378597,primes_25
17,421,0.009014214713576963,0.07650452125998805,1.9120549489039,0.8071178348152093,3.1496233699557754,primes_25
18,475,0.000880432247457487,0.06846697031740756,1.7197136055179576,0.8264386065164587,3.1633241762659408,primes_25
19,350,0.011530228047754523,0.07932265666187575,1.8400587586599733,0.8672748198327564,3.1438385680087544,primes_25
20,386,0.0024812311273114595,0.07506411823984654,1.8054062892804317,0.8941040209741464,3.1514621911294776,primes_25
21,306,0.31848027678070945,0.16166548075646672,8.87497131451148,0.9730809127260496,2.4450539401237132,primes_25
22,347,0.3287286940167819,0.15383554424196355,9.080366415223512,0.9806271705030772,2.439716363354178,primes_25
23,289,0.34117398772397756,0.16018399513181675,9.45278413354982,0.9881452499737273,2.393705201164687,primes_25
24,337,0.3166090207858716,0.15441342778665104,8.76042239469361,0.9938908755281467,2.467676021919119,primes_25
25,245,0.3336803447507162,0.16144356582923766,9.240719375919017,1.0,2.4043174890773233,primes_25
26,262,0.3329355735199634,0.16164391372743658,9.15154831477011,1.0,2.39919302126449,primes_25
27,218,0.33571992604780027,0.1743049290746779,9.38805664260455,1.0,2.3675713915151473,primes_25
28,213,0.3621925120554697,0.15963696554028936,9.94700240399824,1.0,2.3321788659770015,primes_25
29,177,0.3635009443064635,0.1740028302546267,9.992786313225118,1.0,2.2778842804278048,primes_25
30,209,0.3339834511902097,0.1676976268038554,9.256954531942927,1.0,2.3773692563456446,primes_25
31,132,0.37700096255667515,0.17110214413873315,10.383258575657326,1.0,2.2637407982151068,primes_25
32,173,0.36240874897706304,0.16943445449695183,10.000985060846762,1.0,2.313059039924452,primes_25
33,167,0.38155143842959516,0.15572054008884645,10.403871298396027,1.0,2.2863852421481474,primes_25
34,144,0.37866120930099534,0.17689206128069324,10.41858526971879,1.0,2.2345180675036707,primes_25
35,131,0.37948604922442625,0.16683329776155487,10.35942055672243,1.0,2.267931875535406,primes_25
36,133,0.3784693828072478,0.16644401947780516,10.345133152704957,1.0,2.265570833107244,primes_25
37,128,0.42163433516733995,0.1736886532939196,11.450036398933392,1.0,2.1272875841148395,primes_25
38,118,0.3999234947967161,0.19452022885169812,11.17219140895342,1.0,2.1617400871494294,primes_25
39,101,0.4335203550019378,0.19401200308542596,11.939281224134088,1.0,2.0612577348732817,primes_25
40,106,0.4056601804786924,0.19467139791624338,11.206867788977668,1.0,2.1128809027753603,primes_25
41,101,0.4038288098862112,0.2017996678767249,11.111533131131846,1.0,2.0824290268044168,primes_25
42,101,0.39896139284656085,0.18372121625327306,10.897639878111292,1.0,2.1402389651984195,primes_25
43,112,0.41515953499603486,0.17084952695249483,11.24115429539913,1.0,2.133506720906114,primes_25
44,102,0.4237216699294982,0.17162672061070422,11.428068250871366,1.0,2.0982009791631433,primes_25
45,92,0.4006563986747288,0.1842081149571054,10.970898565149877,1.0,2.145643438394057,primes_25
46,75,0.42226989427012623,0.18200869327252675,11.401865620119711,1.0,2.0536249870595924,primes_25
47,61,0.4361787302308097,0.18189148090418433,11.715463179826777,1.0,2.0121187785822565,primes_25
48,83,0.44231896293147827,0.15714486711383777,11.782235853682373,1.0,2.0776692767717084,primes_25
49,58,0.3872926647006718,0.20903532440676226,10.810422283299967,1.0,2.1058836384626263,primes_25
50,74,0.4042021051719602,0.20118502266571334,11.175202157235283,1.0,2.0891637607129336,primes_25
51,72,0.4577123088424069,0.18204880561270637,12.364595480989113,1.0,1.989743316699898,primes_25
52,67,0.46983875288322224,0.1646404236483698,12.486975109234695,1.0,1.9744611929983917,primes_25
53,65,0.4494666913421298,0.1875636942585576,12.145437281912873,1.0,1.9793617587706804,primes_25
54,63,0.4550752498670882,0.17263225439312502,12.178954994269546,1.0,1.997353194056549,primes_25
55,63,0.4790646239744715,0.18281741434893936,12.812740151676689,1.0,1.9158915694814374,primes_25
56,65,0.4269691684406071,0.17428521787066592,11.587885405713624,1.0,2.101714403267995,primes_25
57,60,0.4529267853173608,0.15560752668138833,12.030846150180608,1.0,2.0431139647345598,primes_25
58,53,0.457794929675677,0.17522531933629068,12.295435248309172,1.0,1.9921455755058124,primes_25
60,65,0.4727850175152772,0.17010369035618314,12.59695596078907,1.0,1.9484652304461647,primes_25
61,50,0.4698070789899785,0.16307306012986417,12.483782398253027,1.0,1.9675706440412002,primes_25
62,55,0.4601551995350589,0.18066202728708908,12.364137635513433,1.0,1.9722993922794383,primes_25
63,52,0.4434127237640318,0.19576339782055124,12.05303096557828,1.0,1.9711852398907632,primes_25
65,59,0.46623399394678045,0.1553819562125387,12.353921141341669,1.0,1.9994603672756524,primes_25
